{"United States of America": [4398215.122854008, 12295565.103226967], "United Kingdom": [15202944.021287575, 14403260.209872942], "France": [15777255.405995416, 13216984.68046637], "Germany": [16726316.267513914, 13858918.095245328], "Italy": [16976599.261417076, 12673966.695994476], "Canada": [3559158.105082753, 15428796.344190426], "Japan": [31049991.968718056, 11881208.352057468], "Spain": [15029314.381518736, 12235809.56219088], "Russia": [26436059.423562545, 16059167.479020491], "India": [24314732.170760997, 10151706.289353563], "Hong Kong": [28261602.05049542, 10143320.15529688], "Sweden": [17181927.42414902, 15196169.103522932], "Australia": [30551347.68408758, 4813393.472255077], "South Korea": [29766436.27646308, 11889309.98340591], "Belgium": [16086197.132005366, 13793933.349402485], "Denmark": [16716295.541116204, 14553257.022536218], "China": [27242736.082521066, 11681703.382013131], "Netherlands": [16206439.666342892, 14069051.046151873], "Finland": [18449555.440297097, 15803843.30649861], "Mexico": [4544181.079107006, 9812843.868287327], "Poland": [17694932.048655402, 14026597.021444123], "Brazil": [9651715.087910326, 6472002.102266268], "Switzerland": [16482635.66942218, 13244293.889806049], "Argentina": [8343253.678606397, 3568793.4771033376], "Ireland": [14680007.35941521, 14123795.054112474], "Czech Republic": [17288018.00892454, 13674063.737907901], "Norway": [16849140.96250015, 16038863.695116661], "Austria": [17035050.18142331, 13300638.62822275], "Hungary": [17736260.03661208, 13298068.47378834], "Greece": [18012203.40493699, 12192739.175327811], "Israel": [19444287.995221835, 11250225.679963628], "Turkey": [19450759.525785718, 12188110.999306828], "Romania": [18312230.448844247, 13130879.528538208], "South Africa": [18346224.5566285, 4330633.300092564], "New Zealand": [34785582.6361242, 2728149.0332059804], "Taiwan": [29019862.670952916, 10342027.334983148], "Portugal": [14689996.39527375, 12328257.41003513], "Thailand": [26779365.135986567, 9293590.273044406], "Serbia": [17910889.433064856, 12861335.778837863], "Iran": [21634558.61644251, 11387938.811334811], "Luxembourg": [16248870.852005804, 13673943.22827185], "Philippines": [29214363.87773166, 9050345.636430241], "Croatia": [17458917.970202513, 13072571.611969387], "Iceland": [13553998.980991019, 16112808.002795784], "Chile": [7637000.768925736, 3971525.3750612447], "Bulgaria": [18401157.34864878, 12669800.147885604], "Ukraine": [19044549.838866524, 13626428.372454368], "Estonia": [18384060.7030675, 15044688.620121973], "Singapore": [27111478.561697923, 7775935.5253800405], "Lithuania": [18208160.63075808, 14503409.026483517], "Bosnia and Herzegovina": [17523883.72005667, 12899639.207266957], "Colombia": [7362891.804680873, 7946401.64165074], "Indonesia": [28676077.853174064, 7348828.384294371], "Slovenia": [17177477.238487836, 13107033.187611029], "Peru": [7222568.376726013, 6859943.5586436195], "Morocco": [14751529.203535147, 11206213.09602699], "Slovakia": [17730341.23352929, 13519239.63921033], "Georgia": [6325460.907288261, 11348581.66663311], "Latvia": [18319774.131505467, 14737326.49799696], "United Arab Emirates": [21571748.112358656, 10345125.156337464], "Egypt": [18821683.598021876, 10612006.704209128], "Cuba": [6579081.048399992, 10229172.295108413], "Kazakhstan": [22818224.506086446, 13304658.275453856], "Venezuela": [8216085.649511234, 8516647.133886047], "Soviet Union": [16054569.095473066, 13823498.608052976], "Tunisia": [16612529.56302402, 11536719.574137662], "Uruguay": [9338128.585209198, 3833846.8916519703], "Pakistan": [23489639.094258312, 11103241.20070896], "Macedonia": [17982083.548962567, 12537458.448111769], "Senegal": [13960187.19617999, 9245646.907946376], "Lebanon": [19552885.757544775, 11540606.549176352], "Qatar": [21263743.492271233, 10502651.69871081], "Malaysia": [26938702.08684101, 8133459.324177142], "Puerto Rico": [8182465.879811837, 9673369.801442204], "Algeria": [15900865.076799108, 10820967.544468869], "Burkina Faso": [15379581.96054377, 8974142.676347224], "Vietnam": [27623754.69298543, 9111403.261230595], "Ecuador": [6742112.560147419, 7476039.261462285], "Bolivia": [8340590.906071389, 5710198.759461815], "Belarus": [18647061.93318211, 14208255.166346245], "Cambodia": [27228224.706647415, 9135874.66645294], "Jordan": [19675002.081186824, 11205463.16455758], "Malta": [17173791.59542377, 11793974.341941502], "Iraq": [20479313.469496485, 11443510.836698083], "Dominican Republic": [7749971.102887607, 9774177.921698116], "Armenia": [20534764.918888375, 12425150.118307665], "Liechtenstein": [16629544.013354227, 13292426.864532012], "Montenegro": [17737594.9866753, 12720842.438144866], "Cyprus": [19252850.796562467, 11679465.368899554], "Afghanistan": [22932665.62576997, 11527239.428303396], "East Germany": [16927560.98751904, 13868143.72669649], "Uzbekistan": [22678507.045718495, 12498481.102502104], "Guatemala": [5570995.668116262, 9377600.179083334], "Aruba": [7787883.562368829, 9022223.830500009], "Costa Rica": [6218694.52454479, 8771328.709282378], "Panama": [6545948.467382209, 8579076.16775515], "Kyrgyz Republic": [23876218.30463744, 12523073.273463704], "Nigeria": [16456838.291795824, 8695708.95965574], "Albania": [17791175.649024278, 12455597.34017874], "Mauritania": [14539849.956527146, 9907802.370517481], "Cameroon": [17029893.196663223, 8138270.243892406], "Nepal": [24917849.955349244, 10834004.727434454], "Bahamas": [6894076.123290609, 10436362.777275454], "Congo": [17306583.227449473, 7544246.174037373], "Syrian Arab Republic": [19909376.70241326, 11636440.770076808], "Ethiopia": [19865200.05745024, 8764375.528066505], "Bhutan": [25631744.777243067, 10766853.851470213], "Monaco": [16393202.699505802, 12821652.234110553], "Ghana": [15447188.922246817, 8519797.817182705], "Yugoslavia": [8394730.711845707, 8538142.351545641], "Rwanda": [18910293.559076235, 7406535.281408711], "Jamaica": [6987503.083992174, 9661179.769151293], "Czechoslovakia": [4600926.781238135, 12483843.31805066], "Chad": [17681721.56385499, 9375072.280153763], "Zimbabwe": [18874978.689694714, 5549770.627915559], "North Korea": [29698710.024898898, 12372969.570754953], "Namibia": [17493523.516361482, 4995029.496122954], "Mongolia": [27114867.158774823, 13248002.261478897], "Tajikistan": [23441620.154892333, 12145080.492245886], "Nicaragua": [6083061.140714435, 9034380.590018153], "Botswana": [18301883.954823345, 5002697.320852], "El Salvador": [5680493.75309731, 9169101.069350401], "Liberia": [14525847.619668486, 8265078.541116498], "Sri Lanka": [24542241.54261269, 8466718.050075183], "Lao People's Democratic Republic": [27062414.24596033, 9880380.628159199], "Libyan Arab Jamahiriya": [17582541.862830624, 10679931.22091779], "Angola": [17520878.94544683, 6298201.399232001], "Paraguay": [9099149.450955555, 4985285.436541725], "Serbia and Montenegro": [17823659.18556086, 12970085.651614051], "Saudi Arabia": [20276700.318651486, 10537119.089132706], "Tanzania": [19546707.19211617, 6898502.919773101], "Kenya": [19840656.813452475, 7785373.469445726], "Papua New Guinea": [31607021.601737395, 6992593.89610061], "Macao": [28193617.626672126, 10131226.215565206], "Uganda": [19149609.61379896, 7795537.4398391815], "Azerbaijan": [20880979.744971897, 12375596.617191404], "Cote D'Ivoire": [14948155.366600448, 8515289.465282455], "Bangladesh": [25607428.159518585, 10401311.147488743], "Mali": [15312643.48018595, 9461346.996624777], "Trinidad and Tobago": [8786384.711733852, 8838129.537624847], "Cayman Islands": [6608676.854051402, 9825437.611310596], "Kuwait": [20848810.71201774, 10974687.35150526], "Brunei Darussalam": [28306366.627236735, 8116116.644343009], "Moldova": [18743796.83698352, 13313011.387185032], "French Southern Territories": [23308976.338304266, 1659603.6173066162], "Barbados": [8948404.116616052, 9095525.137115624], "French Polynesia": [-672628.1474526307, 5826993.30878067], "Gibraltar": [14974026.924163984, 11821654.699603837],